Ahmedabad,Gujarat
Aizawl,Mizoram
Akola,Maharashtra
Along,Arunachal Pradesh
Lucknow,Uttar Pradesh
Ludhiana,Punjab
Bagdogra,West Bengal
Mangalore,Karnataka
Leh,Jammu & Kashmir
Balurghat,West Bengal
Allahabad,Uttar Pradesh
Shillong,Meghalaya
Bellary,Karnataka
Bangalore,Karnataka
Bhatinda,Punjab
Bhavnagar,Gujarat
Bhopal,Madhya Pradesh
Bhubaneswar,Odisha (Orissa)
Bikaner,Rajasthan
Bilaspur,Chhattisgarh
Ranchi,Jharkhand
Guwahati,Assam
Car Nicobar,Andaman and Nicobar Islands
Chandigarh,Chandigarh
Chennai,Tamil Nadu
Mumbai,Maharashtra
Aurangabad,Maharashtra
Kochi,Kerala
Cooch Behar,West Bengal
Cuddapah,Andhra Pradesh
Udaipur,Rajasthan
Goa,Goa
Daman,Daman and Diu
Daparizo,Arunachal Pradesh
Dehra Dun,Uttarakhand
Indore,Madhya Pradesh
Dhanbad,Jharkhand
Dibrugarh,Assam
Dimapur,Nagaland
Diu,Daman and Diu
Dharamsala,Himachal Pradesh
Nashik,Maharashtra
Gaya,Bihar
Gorakhpur,Uttar Pradesh
Jamnagar,Gujarat
Guna,Madhya Pradesh
Gwalior,Madhya Pradesh
Hissar,Haryana
Hubli,Karnataka
Begumpet,Andhra Pradesh
New Delhi,National Capital Territory of Delhi
Jabalpur,Madhya Pradesh
Jagdalpur,Chhattisgarh
Jaisalmer,Rajasthan
Jeypore,Odisha (Orissa)
Jodhpur,Rajasthan
Kailashahar,Tripura
Kamalpur,Tripura
Kandla,Gujarat
Kanpur,Uttar Pradesh
Keshod,Gujarat
Khajuraho,Madhya Pradesh
Agra,Uttar Pradesh
Khowai,Tripura
Kolhapur,Maharashtra
Kota,Rajasthan
Calicut,Kerala
Bhuntar Kullu,Himachal Pradesh
Silchar,Assam
Lilabari,Assam
Pune,Maharashtra
Madurai,Tamil Nadu
Malda,West Bengal
Imphal,Manipur
Muzaffarnagar,Uttar Pradesh
Muzaffarpur,Bihar
Mysore,Karnataka
Nanded,Maharashtra
Kolkata,West Bengal
Neyveli,Tamil Nadu
Osmanabad,Maharashtra
Pantnagar,Uttarakhand
Pasighat,Arunachal Pradesh
Pathankot,Punjab
Patna,Bihar
Coimbatore,Tamil Nadu
Pondicherry,Puducherry 
Porbandar,Gujarat
Port Blair,Andaman and Nicobar Islands
Puttaparthi,Andhra Pradesh
Raipur,Chhattisgarh
Amritsar,Punjab
Rajahmundry,Andhra Pradesh
Rajkot,Gujarat
Rajouri,Jammu & Kashmir
Ramagundam,Telangana
Ratnagiri,Maharashtra
Rewa,Madhya Pradesh
Rourkela,Odisha (Orissa)
Jorhat,Assam
Bhuj,Gujarat
Rupsi,Assam
Salem,Tamil Nadu
Tezpur,Assam
Belgaum,Karnataka
Jaipur,Rajasthan
Satna,Madhya Pradesh
Jammu,Jammu & Kashmir
Solapur,Maharashtra
Shimla,Himachal Pradesh
Jamshedpur,Jharkhand
Nagpur,Maharashtra
Srinagar,Jammu & Kashmir
Surat,Gujarat
Tezu,Arunachal Pradesh
Thanjavur,Tamil Nadu
Tirupati,Andhra Pradesh
Trichy,Tamil Nadu
Tuticorin,Tamil Nadu
Vadodara,Gujarat
Varanasi,Uttar Pradesh
Vijayawada,Andhra Pradesh
Vishakhapatnam,Andhra Pradesh
Warangal,Telangana
Zero,Arunachal Pradesh
Agatti Island,Lakshadweep
Bangalore,Karnataka
Trivandrum,Kerala
Hyderabad,Andhra Pradesh
Katihar,Bihar
Kishanganj,Bihar
Madhubani,Bihar
Rajgarh,Chhattisgarh
Surguja,Chhattisgarh
Durg,Chhattisgarh
Korba,Chhattisgarh
Mehsana,Gujarat
Deesa,Gujarat
Karnal,Haryana
Bhiwani,Haryana
Narnaul,Haryana
Bangalore,Karnataka
Koppal,Karnataka
Betul,Madhya Pradesh
Ratlam,Madhya Pradesh
Ujjain,Madhya Pradesh
Umarla,Madhya Pradesh
Aamby Valley,Maharashtra
Jalgaon,Maharashtra
Latur,Maharashtra
Mumbai,Maharashtra
Yavatmal,Maharashtra
Lengpui,Mizoram
Hirakud,Odisha (Orissa)
Jharsuguda,Odisha (Orissa)
Utkela,Odisha (Orissa)
Patiala,Punjab
Jhunjhunu,Rajasthan
Nagaur,Rajasthan
Vellore,Tamil Nadu
Agartala,Tripura
Meerut,Uttar Pradesh
Aligarh,Uttar Pradesh
Kolkata,West Bengal
Howrah,West Bengal
Bhilwara,Rajasthan
Chakulia,Jharkhand
Noamundi,Jharkhand
Khandwa,Madhya Pradesh
Kalahandi,Odisha (Orissa)
Raibareilly,Uttar Pradesh
Dhule,Maharashtra
Mandvi,Gujarat
Dhrangadhra,Gujarat
Mauirpur,Uttar Pradesh
Keonjhar,Odisha (Orissa)
Vijay Nagar,Maharashtra
Umaria,Madhya Pradesh
Dhana,Madhya Pradesh
Koppal,Karnataka
Hospet,Karnataka
Kanpur,Uttar Pradesh
Sikar,Rajasthan
Kishangarh,Rajasthan
Baripada,Odisha (Orissa)
Padmapur,Odisha (Orissa)
Shivpuri,Madhya Pradesh
Sagar,Madhya Pradesh
Khargone,Madhya Pradesh
Jhabua,Madhya Pradesh
Damoh,Madhya Pradesh
Birwa,Madhya Pradesh
Chhindwara,Madhya Pradesh
Amreli,Gujarat
Wankaner,Gujarat
Bokaro Airport,Jharkhand
Toranagallu,Karnataka
Belora,Maharashtra
Shirpur,Maharashtra
Pune,Maharashtra
Gondia,Maharashtra
Angul,Odisha (Orissa)
Barbil,Odisha (Orissa)
Jallowal,Punjab
Pilani,Rajasthan
Hosur,Tamil Nadu
Moradabad,Uttar Pradesh
Azamgarh,Uttar Pradesh
Ghazipur,Uttar Pradesh
Darjeeling,West Bengal
Ghaziabad,Uttar Pradesh
Ambala,Punjab
Sirsa,Haryana
Udhampur,Jammu & Kashmir
Yelahanka,Karnataka
Bidar,Karnataka
Nashik,Maharashtra
Ludhiana,Punjab
Barmer,Rajasthan
Chennai,Tamil Nadu
Coimbatore,Tamil Nadu
Bareilly,Uttar Pradesh
Lucknow,Uttar Pradesh
Saharanpur,Uttar Pradesh
Jhansi,Uttar Pradesh
Firozpur,Punjab
Barrackpore,West Bengal
Panagarh,West Bengal
Adampur,Punjab
Neemuch,Madhya Pradesh
Mundra Airport,Gujarat
Dundigul,Andhra Pradesh
Kochi,Kerala
Arakkonam,Tamil Nadu
Awantipur,Jammu & Kashmir
Purnea,Bihar
Kalaikunda,West Bengal
Safdarjung,National Capital Territory of Delhi
Hakimpet,Andhra Pradesh
East Champaran,Bihar
Sholapur,Maharashtra
Buxar,Bihar